[
{
  "model": "admin.logentry",
  "pk": 1,
  "fields": {
    "action_time": "2023-12-01T10:42:39.687Z",
    "user": 1,
    "content_type": 7,
    "object_id": "5",
    "object_repr": "01. 11. 2023 CJVY ДИПЛ 31",
    "action_flag": 3,
    "change_message": ""
  }
},
{
  "model": "admin.logentry",
  "pk": 2,
  "fields": {
    "action_time": "2023-12-01T10:42:39.691Z",
    "user": 1,
    "content_type": 7,
    "object_id": "4",
    "object_repr": "01. 11. 2023 CJVY СПРАВ 29",
    "action_flag": 3,
    "change_message": ""
  }
},
{
  "model": "admin.logentry",
  "pk": 3,
  "fields": {
    "action_time": "2023-12-01T10:42:39.693Z",
    "user": 1,
    "content_type": 7,
    "object_id": "3",
    "object_repr": "01. 11. 2023 CJVY СПРАВ 29",
    "action_flag": 3,
    "change_message": ""
  }
},
{
  "model": "admin.logentry",
  "pk": 4,
  "fields": {
    "action_time": "2023-12-01T10:42:39.696Z",
    "user": 1,
    "content_type": 7,
    "object_id": "1",
    "object_repr": "07. 11. 2023 Паспорт Ширяева К.В. ПАСПОРТ 43566",
    "action_flag": 3,
    "change_message": ""
  }
},
{
  "model": "admin.logentry",
  "pk": 5,
  "fields": {
    "action_time": "2023-12-01T10:42:39.699Z",
    "user": 1,
    "content_type": 7,
    "object_id": "6",
    "object_repr": "15. 11. 2023 Certyui ДИПЛ 32",
    "action_flag": 3,
    "change_message": ""
  }
},
{
  "model": "admin.logentry",
  "pk": 6,
  "fields": {
    "action_time": "2023-12-01T10:42:39.701Z",
    "user": 1,
    "content_type": 7,
    "object_id": "7",
    "object_repr": "15. 11. 2023 Certyui ПАСПОРТ 33",
    "action_flag": 3,
    "change_message": ""
  }
},
{
  "model": "admin.logentry",
  "pk": 7,
  "fields": {
    "action_time": "2023-12-01T10:42:39.703Z",
    "user": 1,
    "content_type": 7,
    "object_id": "2",
    "object_repr": "22. 11. 2023 ---ФТОРНЕГ СПРАВ 4",
    "action_flag": 3,
    "change_message": ""
  }
},
{
  "model": "admin.logentry",
  "pk": 8,
  "fields": {
    "action_time": "2023-12-01T10:42:39.705Z",
    "user": 1,
    "content_type": 7,
    "object_id": "10",
    "object_repr": "27. 11. 2023 Certyuid ПИСЬМО 38",
    "action_flag": 3,
    "change_message": ""
  }
},
{
  "model": "admin.logentry",
  "pk": 9,
  "fields": {
    "action_time": "2023-12-01T10:42:39.707Z",
    "user": 1,
    "content_type": 7,
    "object_id": "9",
    "object_repr": "27. 11. 2023 Certyuid ПИСЬМО 38",
    "action_flag": 3,
    "change_message": ""
  }
},
{
  "model": "admin.logentry",
  "pk": 10,
  "fields": {
    "action_time": "2023-12-01T10:42:39.710Z",
    "user": 1,
    "content_type": 7,
    "object_id": "8",
    "object_repr": "27. 11. 2023 Certyui ПИСЬМО 35",
    "action_flag": 3,
    "change_message": ""
  }
},
{
  "model": "admin.logentry",
  "pk": 11,
  "fields": {
    "action_time": "2023-12-01T12:34:02.353Z",
    "user": 1,
    "content_type": 8,
    "object_id": "15",
    "object_repr": "Изображение 12",
    "action_flag": 3,
    "change_message": ""
  }
},
{
  "model": "admin.logentry",
  "pk": 12,
  "fields": {
    "action_time": "2023-12-01T12:34:22.071Z",
    "user": 1,
    "content_type": 7,
    "object_id": "11",
    "object_repr": "06. 12. 2023 ---ФТОРНЕГ СПРАВ 21",
    "action_flag": 3,
    "change_message": ""
  }
},
{
  "model": "admin.logentry",
  "pk": 13,
  "fields": {
    "action_time": "2023-12-01T13:50:03.555Z",
    "user": 1,
    "content_type": 7,
    "object_id": "12",
    "object_repr": "13. 12. 2023 rttru7iu СПРАВ 5",
    "action_flag": 3,
    "change_message": ""
  }
},
{
  "model": "admin.logentry",
  "pk": 14,
  "fields": {
    "action_time": "2023-12-02T14:34:45.730Z",
    "user": 1,
    "content_type": 7,
    "object_id": "13",
    "object_repr": "13. 12. 2023 ---ФТОРНЕГ СПРАВ 6",
    "action_flag": 3,
    "change_message": ""
  }
},
{
  "model": "admin.logentry",
  "pk": 15,
  "fields": {
    "action_time": "2023-12-07T08:22:32.872Z",
    "user": 1,
    "content_type": 4,
    "object_id": "3",
    "object_repr": "bolic",
    "action_flag": 3,
    "change_message": ""
  }
},
{
  "model": "admin.logentry",
  "pk": 16,
  "fields": {
    "action_time": "2023-12-07T08:22:32.875Z",
    "user": 1,
    "content_type": 4,
    "object_id": "2",
    "object_repr": "zav",
    "action_flag": 3,
    "change_message": ""
  }
},
{
  "model": "admin.logentry",
  "pk": 17,
  "fields": {
    "action_time": "2023-12-10T11:10:56.697Z",
    "user": 1,
    "content_type": 12,
    "object_id": "1",
    "object_repr": "redis",
    "action_flag": 1,
    "change_message": "[{\"added\": {}}]"
  }
},
{
  "model": "auth.permission",
  "pk": 1,
  "fields": {
    "name": "Can add log entry",
    "content_type": 1,
    "codename": "add_logentry"
  }
},
{
  "model": "auth.permission",
  "pk": 2,
  "fields": {
    "name": "Can change log entry",
    "content_type": 1,
    "codename": "change_logentry"
  }
},
{
  "model": "auth.permission",
  "pk": 3,
  "fields": {
    "name": "Can delete log entry",
    "content_type": 1,
    "codename": "delete_logentry"
  }
},
{
  "model": "auth.permission",
  "pk": 4,
  "fields": {
    "name": "Can view log entry",
    "content_type": 1,
    "codename": "view_logentry"
  }
},
{
  "model": "auth.permission",
  "pk": 5,
  "fields": {
    "name": "Can add permission",
    "content_type": 2,
    "codename": "add_permission"
  }
},
{
  "model": "auth.permission",
  "pk": 6,
  "fields": {
    "name": "Can change permission",
    "content_type": 2,
    "codename": "change_permission"
  }
},
{
  "model": "auth.permission",
  "pk": 7,
  "fields": {
    "name": "Can delete permission",
    "content_type": 2,
    "codename": "delete_permission"
  }
},
{
  "model": "auth.permission",
  "pk": 8,
  "fields": {
    "name": "Can view permission",
    "content_type": 2,
    "codename": "view_permission"
  }
},
{
  "model": "auth.permission",
  "pk": 9,
  "fields": {
    "name": "Can add group",
    "content_type": 3,
    "codename": "add_group"
  }
},
{
  "model": "auth.permission",
  "pk": 10,
  "fields": {
    "name": "Can change group",
    "content_type": 3,
    "codename": "change_group"
  }
},
{
  "model": "auth.permission",
  "pk": 11,
  "fields": {
    "name": "Can delete group",
    "content_type": 3,
    "codename": "delete_group"
  }
},
{
  "model": "auth.permission",
  "pk": 12,
  "fields": {
    "name": "Can view group",
    "content_type": 3,
    "codename": "view_group"
  }
},
{
  "model": "auth.permission",
  "pk": 13,
  "fields": {
    "name": "Can add user",
    "content_type": 4,
    "codename": "add_user"
  }
},
{
  "model": "auth.permission",
  "pk": 14,
  "fields": {
    "name": "Can change user",
    "content_type": 4,
    "codename": "change_user"
  }
},
{
  "model": "auth.permission",
  "pk": 15,
  "fields": {
    "name": "Can delete user",
    "content_type": 4,
    "codename": "delete_user"
  }
},
{
  "model": "auth.permission",
  "pk": 16,
  "fields": {
    "name": "Can view user",
    "content_type": 4,
    "codename": "view_user"
  }
},
{
  "model": "auth.permission",
  "pk": 17,
  "fields": {
    "name": "Can add content type",
    "content_type": 5,
    "codename": "add_contenttype"
  }
},
{
  "model": "auth.permission",
  "pk": 18,
  "fields": {
    "name": "Can change content type",
    "content_type": 5,
    "codename": "change_contenttype"
  }
},
{
  "model": "auth.permission",
  "pk": 19,
  "fields": {
    "name": "Can delete content type",
    "content_type": 5,
    "codename": "delete_contenttype"
  }
},
{
  "model": "auth.permission",
  "pk": 20,
  "fields": {
    "name": "Can view content type",
    "content_type": 5,
    "codename": "view_contenttype"
  }
},
{
  "model": "auth.permission",
  "pk": 21,
  "fields": {
    "name": "Can add session",
    "content_type": 6,
    "codename": "add_session"
  }
},
{
  "model": "auth.permission",
  "pk": 22,
  "fields": {
    "name": "Can change session",
    "content_type": 6,
    "codename": "change_session"
  }
},
{
  "model": "auth.permission",
  "pk": 23,
  "fields": {
    "name": "Can delete session",
    "content_type": 6,
    "codename": "delete_session"
  }
},
{
  "model": "auth.permission",
  "pk": 24,
  "fields": {
    "name": "Can view session",
    "content_type": 6,
    "codename": "view_session"
  }
},
{
  "model": "auth.permission",
  "pk": 25,
  "fields": {
    "name": "Can add Документы",
    "content_type": 7,
    "codename": "add_document"
  }
},
{
  "model": "auth.permission",
  "pk": 26,
  "fields": {
    "name": "Can change Документы",
    "content_type": 7,
    "codename": "change_document"
  }
},
{
  "model": "auth.permission",
  "pk": 27,
  "fields": {
    "name": "Can delete Документы",
    "content_type": 7,
    "codename": "delete_document"
  }
},
{
  "model": "auth.permission",
  "pk": 28,
  "fields": {
    "name": "Can view Документы",
    "content_type": 7,
    "codename": "view_document"
  }
},
{
  "model": "auth.permission",
  "pk": 29,
  "fields": {
    "name": "Can add Изображения",
    "content_type": 8,
    "codename": "add_image"
  }
},
{
  "model": "auth.permission",
  "pk": 30,
  "fields": {
    "name": "Can change Изображения",
    "content_type": 8,
    "codename": "change_image"
  }
},
{
  "model": "auth.permission",
  "pk": 31,
  "fields": {
    "name": "Can delete Изображения",
    "content_type": 8,
    "codename": "delete_image"
  }
},
{
  "model": "auth.permission",
  "pk": 32,
  "fields": {
    "name": "Can view Изображения",
    "content_type": 8,
    "codename": "view_image"
  }
},
{
  "model": "auth.permission",
  "pk": 33,
  "fields": {
    "name": "Can add source",
    "content_type": 9,
    "codename": "add_source"
  }
},
{
  "model": "auth.permission",
  "pk": 34,
  "fields": {
    "name": "Can change source",
    "content_type": 9,
    "codename": "change_source"
  }
},
{
  "model": "auth.permission",
  "pk": 35,
  "fields": {
    "name": "Can delete source",
    "content_type": 9,
    "codename": "delete_source"
  }
},
{
  "model": "auth.permission",
  "pk": 36,
  "fields": {
    "name": "Can view source",
    "content_type": 9,
    "codename": "view_source"
  }
},
{
  "model": "auth.permission",
  "pk": 37,
  "fields": {
    "name": "Can add thumbnail",
    "content_type": 10,
    "codename": "add_thumbnail"
  }
},
{
  "model": "auth.permission",
  "pk": 38,
  "fields": {
    "name": "Can change thumbnail",
    "content_type": 10,
    "codename": "change_thumbnail"
  }
},
{
  "model": "auth.permission",
  "pk": 39,
  "fields": {
    "name": "Can delete thumbnail",
    "content_type": 10,
    "codename": "delete_thumbnail"
  }
},
{
  "model": "auth.permission",
  "pk": 40,
  "fields": {
    "name": "Can view thumbnail",
    "content_type": 10,
    "codename": "view_thumbnail"
  }
},
{
  "model": "auth.permission",
  "pk": 41,
  "fields": {
    "name": "Can add thumbnail dimensions",
    "content_type": 11,
    "codename": "add_thumbnaildimensions"
  }
},
{
  "model": "auth.permission",
  "pk": 42,
  "fields": {
    "name": "Can change thumbnail dimensions",
    "content_type": 11,
    "codename": "change_thumbnaildimensions"
  }
},
{
  "model": "auth.permission",
  "pk": 43,
  "fields": {
    "name": "Can delete thumbnail dimensions",
    "content_type": 11,
    "codename": "delete_thumbnaildimensions"
  }
},
{
  "model": "auth.permission",
  "pk": 44,
  "fields": {
    "name": "Can view thumbnail dimensions",
    "content_type": 11,
    "codename": "view_thumbnaildimensions"
  }
},
{
  "model": "auth.permission",
  "pk": 45,
  "fields": {
    "name": "Can add Redis Server",
    "content_type": 12,
    "codename": "add_redisserver"
  }
},
{
  "model": "auth.permission",
  "pk": 46,
  "fields": {
    "name": "Can change Redis Server",
    "content_type": 12,
    "codename": "change_redisserver"
  }
},
{
  "model": "auth.permission",
  "pk": 47,
  "fields": {
    "name": "Can delete Redis Server",
    "content_type": 12,
    "codename": "delete_redisserver"
  }
},
{
  "model": "auth.permission",
  "pk": 48,
  "fields": {
    "name": "Can view Redis Server",
    "content_type": 12,
    "codename": "view_redisserver"
  }
},
{
  "model": "auth.permission",
  "pk": 49,
  "fields": {
    "name": "Can inspect redis servers",
    "content_type": 12,
    "codename": "can_inspect"
  }
},
{
  "model": "auth.user",
  "pk": 1,
  "fields": {
    "password": "pbkdf2_sha256$390000$vwZXOYjhDWybr8Q38bTRqX$peom7ytxGH6lz4thJKE8IhEguaf5HJ+fFjG3ZOfsqbU=",
    "last_login": "2023-12-09T09:29:09.492Z",
    "is_superuser": true,
    "username": "vaz",
    "first_name": "",
    "last_name": "",
    "email": "",
    "is_staff": true,
    "is_active": true,
    "date_joined": "2023-11-29T15:05:07.590Z",
    "groups": [],
    "user_permissions": []
  }
},
{
  "model": "auth.user",
  "pk": 4,
  "fields": {
    "password": "pbkdf2_sha256$390000$Ellb0QpIHwPXMEJP7j4Ztt$0BnEzMydbBifvvkoN1ULHtqWhwcP0o++uTF2z25Q+Bo=",
    "last_login": null,
    "is_superuser": false,
    "username": "zav",
    "first_name": "",
    "last_name": "",
    "email": "",
    "is_staff": false,
    "is_active": true,
    "date_joined": "2023-12-07T08:25:21.047Z",
    "groups": [],
    "user_permissions": []
  }
},
{
  "model": "auth.user",
  "pk": 5,
  "fields": {
    "password": "pbkdf2_sha256$390000$i27W09u6ADnx1vAHbbLMMX$NJTaGmw4j99vHLwQeSNNBe/2b6pu8ZplezhdXVc9tRw=",
    "last_login": null,
    "is_superuser": false,
    "username": "boll",
    "first_name": "",
    "last_name": "",
    "email": "",
    "is_staff": false,
    "is_active": true,
    "date_joined": "2023-12-07T08:27:10.602Z",
    "groups": [],
    "user_permissions": []
  }
},
{
  "model": "auth.user",
  "pk": 6,
  "fields": {
    "password": "pbkdf2_sha256$390000$ZDJ9Szu0ETzt4Q37NPIgEP$4q0cJY+gmpZMe2/i1Vd7gdcRRQNj4FsmVK+ejycCshA=",
    "last_login": "2023-12-07T15:10:28.386Z",
    "is_superuser": false,
    "username": "bolic",
    "first_name": "",
    "last_name": "",
    "email": "",
    "is_staff": false,
    "is_active": true,
    "date_joined": "2023-12-07T15:10:00.387Z",
    "groups": [],
    "user_permissions": []
  }
},
{
  "model": "contenttypes.contenttype",
  "pk": 1,
  "fields": {
    "app_label": "admin",
    "model": "logentry"
  }
},
{
  "model": "contenttypes.contenttype",
  "pk": 2,
  "fields": {
    "app_label": "auth",
    "model": "permission"
  }
},
{
  "model": "contenttypes.contenttype",
  "pk": 3,
  "fields": {
    "app_label": "auth",
    "model": "group"
  }
},
{
  "model": "contenttypes.contenttype",
  "pk": 4,
  "fields": {
    "app_label": "auth",
    "model": "user"
  }
},
{
  "model": "contenttypes.contenttype",
  "pk": 5,
  "fields": {
    "app_label": "contenttypes",
    "model": "contenttype"
  }
},
{
  "model": "contenttypes.contenttype",
  "pk": 6,
  "fields": {
    "app_label": "sessions",
    "model": "session"
  }
},
{
  "model": "contenttypes.contenttype",
  "pk": 7,
  "fields": {
    "app_label": "document",
    "model": "document"
  }
},
{
  "model": "contenttypes.contenttype",
  "pk": 8,
  "fields": {
    "app_label": "document",
    "model": "image"
  }
},
{
  "model": "contenttypes.contenttype",
  "pk": 9,
  "fields": {
    "app_label": "easy_thumbnails",
    "model": "source"
  }
},
{
  "model": "contenttypes.contenttype",
  "pk": 10,
  "fields": {
    "app_label": "easy_thumbnails",
    "model": "thumbnail"
  }
},
{
  "model": "contenttypes.contenttype",
  "pk": 11,
  "fields": {
    "app_label": "easy_thumbnails",
    "model": "thumbnaildimensions"
  }
},
{
  "model": "contenttypes.contenttype",
  "pk": 12,
  "fields": {
    "app_label": "redisboard",
    "model": "redisserver"
  }
},
{
  "model": "sessions.session",
  "pk": "6o7n2o7175li7nxp3mexkjlw6b7qjrgb",
  "fields": {
    "session_data": ".eJxVjDsOwjAQBe_iGlnxJ2ubkp4zRLveFQ4gW4qTCnF3iJQC2jcz76Um3NYybV2WaWZ1VkadfjfC_JC6A75jvTWdW12XmfSu6IN2fW0sz8vh_h0U7OVbO2BCFvQAxABOUvQkA1mb0YXRi3UpoYVoSFxgM4BkGSGmTCJDCOr9AfdFODo:1r8M8Z:KxQiB1Laox9NxvRcFPrx94yOMsd5RfA2AEiesRl7Te4",
    "expire_date": "2023-12-13T15:06:03.625Z"
  }
},
{
  "model": "sessions.session",
  "pk": "aqqai2p865n439do11ldxfmqggs7bytf",
  "fields": {
    "session_data": ".eJxVjDsOwyAQRO9CHSGD-aZM7zMgdlmCkwgkY1dR7h5bcpFMOe_NvFmI21rC1mkJc2JXJtjlt4OIT6oHSI9Y741jq-syAz8UftLOp5bodTvdv4MSe9nXwx4jBOWMeVAGnfAjGOu8U5ZQJvIkEY0TAFl6jRSV8dZCHqVWCjT7fAHWPjex:1rBbK4:f6vkosdQ9SJoVAKTyR6Wa91SZlBVouqn27AusXCxh_g",
    "expire_date": "2023-12-22T13:55:20.454Z"
  }
},
{
  "model": "sessions.session",
  "pk": "yrwcuxzvldtxjznhfkv6mq046t02ze9k",
  "fields": {
    "session_data": ".eJxVjDsOwyAQRO9CHSGD-aZM7zMgdlmCkwgkY1dR7h5bcpFMOe_NvFmI21rC1mkJc2JXJtjlt4OIT6oHSI9Y741jq-syAz8UftLOp5bodTvdv4MSe9nXwx4jBOWMeVAGnfAjGOu8U5ZQJvIkEY0TAFl6jRSV8dZCHqVWCjT7fAHWPjex:1rBte1:8N6_eeEpDim2o4mZOAkeHYmT0_XIEkwpwUCffmoaCuc",
    "expire_date": "2023-12-23T09:29:09.495Z"
  }
},
{
  "model": "document.document",
  "pk": 22,
  "fields": {
    "author": 1,
    "title": "24354365y6",
    "slug": "",
    "category": "СПРАВ",
    "textDocument": "wfsrgdthfgh",
    "number": 5,
    "dateCreate": "2023-11-28T20:00:00Z"
  }
},
{
  "model": "document.document",
  "pk": 23,
  "fields": {
    "author": 1,
    "title": "Cтихb",
    "slug": "",
    "category": "ЗАЯВ",
    "textDocument": "«Онегин, я тогда моложе,\r\nЯ лучше, кажется, была,\r\nИ я любила вас; и что же?\r\nЧто в сердце вашем я нашла?\r\nКакой ответ? одну суровость.\r\nНе правда ль? Вам была не новость\r\nСмиренной девочки любовь?\r\nИ нынче– Боже!– стынет кровь,\r\nКак только вспомню взгляд холодный\r\nИ эту проповедь…\r\nЯ не виню: в тот страшный час\r\nВы поступили благородно,\r\nВы были правы предо мной.\r\nЯ благодарна всей душой…\r\nXLIV\r\nТогда– не правда ли?– в пустыне,\r\nВдали от суетной молвы,\r\nЯ вам не нравилась… Что ж ныне\r\nМеня преследуете вы?\r\nЗачем у вас я на примете?\r\nНе потому ль, что в высшем свете\r\nТеперь являться я должна;\r\nЧто я богата и знатна,\r\nЧто муж в сраженьях изувечен,\r\nЧто нас за то ласкает двор?\r\nНе потому ль, что мой позор\r\nТеперь бы всеми был замечен\r\nИ мог бы в обществе принесть\r\nВам соблазнительную честь?\r\nMORRRO",
    "number": 5,
    "dateCreate": "2023-12-07T20:00:00Z"
  }
},
{
  "model": "document.document",
  "pk": 25,
  "fields": {
    "author": 1,
    "title": "wWqersrdfhgmjk",
    "slug": "",
    "category": "СПРАВ",
    "textDocument": "dfcgvhjhmj",
    "number": 6,
    "dateCreate": "2023-11-27T20:00:00Z"
  }
},
{
  "model": "document.document",
  "pk": 28,
  "fields": {
    "author": 1,
    "title": "1243456567",
    "slug": "",
    "category": "СПРАВ",
    "textDocument": "ADSFDGFHGJHJK",
    "number": 1,
    "dateCreate": "2023-11-28T20:00:00Z"
  }
},
{
  "model": "document.document",
  "pk": 29,
  "fields": {
    "author": 1,
    "title": "----qwertyuiop",
    "slug": "",
    "category": "СПРАВ",
    "textDocument": "sdzrtyruiok fgfhjkl dfghjkl dfghjkl; rttghukjll sdfsghmj,  ghfjk sdfdghjk dfghjkvh dfghjk dfgyu dtyuio dfghjk\r\nбласть распространения красных волков обнимает длину реки Уссури, Южно-Уссурийский край и прибрежный район к северу от залива Ольги до мыса Плитняк. Другими словами, северная граница их обитания совпадает с границей распространения диких коз и пятнистых оленей. Чаще всего животное это встречается в Посьетском, Барабашском и Суйфунском районах.\r\n\r\nhanging\r\n\r\nОбласть распространения красных волков обнимает длину реки Уссури, Южно-Уссурийский край и прибрежный район к северу от залива Ольги до мыса Плитняк. Другими словами, северная граница их обитания совпадает с границей распространения диких коз и пятнистых оленей. Чаще всего животное это встречается в Посьетском, Барабашском и Суйфунском районах.",
    "number": 4,
    "dateCreate": "2023-12-05T20:00:00Z"
  }
},
{
  "model": "document.document",
  "pk": 30,
  "fields": {
    "author": 1,
    "title": "wertyui",
    "slug": "",
    "category": "СПРАВ",
    "textDocument": "sadfghjkl;",
    "number": 213456789,
    "dateCreate": "2023-12-04T20:00:00Z"
  }
},
{
  "model": "document.image",
  "pk": 40,
  "fields": {
    "document": 22,
    "file": "media/images/Снимок_экрана_от_2023-10-05_21-13-45_YaKg4Sg.png"
  }
},
{
  "model": "document.image",
  "pk": 41,
  "fields": {
    "document": 23,
    "file": "media/images/котЭ_Qj1mt3V.jpg"
  }
},
{
  "model": "document.image",
  "pk": 43,
  "fields": {
    "document": 25,
    "file": "media/images/котЭ_Afpc69R.jpg"
  }
},
{
  "model": "document.image",
  "pk": 46,
  "fields": {
    "document": 28,
    "file": "media/images/котЭ_66xuBvR.jpg"
  }
},
{
  "model": "document.image",
  "pk": 47,
  "fields": {
    "document": 29,
    "file": "media/images/цветок_U83Q6eo.jpg"
  }
},
{
  "model": "document.image",
  "pk": 48,
  "fields": {
    "document": 29,
    "file": "media/images/остров_dlaSYOW.jpg"
  }
},
{
  "model": "document.image",
  "pk": 49,
  "fields": {
    "document": 29,
    "file": "media/images/утки_BYE3rAU.jpg"
  }
},
{
  "model": "document.image",
  "pk": 51,
  "fields": {
    "document": 29,
    "file": "media/images/кот2_VvFJcmN.jpg"
  }
},
{
  "model": "document.image",
  "pk": 52,
  "fields": {
    "document": 30,
    "file": "media/images/цветок_I5OiXmv.jpg"
  }
},
{
  "model": "document.image",
  "pk": 54,
  "fields": {
    "document": 30,
    "file": "media/images/утки_hE0xsD9.jpg"
  }
},
{
  "model": "document.image",
  "pk": 55,
  "fields": {
    "document": 30,
    "file": "media/images/кот_JUUBt8J.jpg"
  }
},
{
  "model": "easy_thumbnails.source",
  "pk": 1,
  "fields": {
    "storage_hash": "f9bde26a1556cd667f742bd34ec7c55e",
    "name": "media/images/цветок.jpg",
    "modified": "2023-12-01T14:24:26.318Z"
  }
},
{
  "model": "easy_thumbnails.source",
  "pk": 2,
  "fields": {
    "storage_hash": "f9bde26a1556cd667f742bd34ec7c55e",
    "name": "media/images/остров.jpg",
    "modified": "2023-12-01T14:24:26.347Z"
  }
},
{
  "model": "easy_thumbnails.source",
  "pk": 3,
  "fields": {
    "storage_hash": "f9bde26a1556cd667f742bd34ec7c55e",
    "name": "media/images/утки.jpg",
    "modified": "2023-12-01T14:24:26.361Z"
  }
},
{
  "model": "easy_thumbnails.source",
  "pk": 4,
  "fields": {
    "storage_hash": "f9bde26a1556cd667f742bd34ec7c55e",
    "name": "media/images/кот.jpg",
    "modified": "2023-12-01T14:24:26.375Z"
  }
},
{
  "model": "easy_thumbnails.source",
  "pk": 5,
  "fields": {
    "storage_hash": "f9bde26a1556cd667f742bd34ec7c55e",
    "name": "media/images/кот2.jpg",
    "modified": "2023-12-01T14:24:26.389Z"
  }
},
{
  "model": "easy_thumbnails.source",
  "pk": 6,
  "fields": {
    "storage_hash": "f9bde26a1556cd667f742bd34ec7c55e",
    "name": "media/images/цветок_cdskJXt.jpg",
    "modified": "2023-12-02T14:35:50.718Z"
  }
},
{
  "model": "easy_thumbnails.source",
  "pk": 7,
  "fields": {
    "storage_hash": "f9bde26a1556cd667f742bd34ec7c55e",
    "name": "media/images/остров_sePGmPU.jpg",
    "modified": "2023-12-02T14:35:50.760Z"
  }
},
{
  "model": "easy_thumbnails.source",
  "pk": 8,
  "fields": {
    "storage_hash": "f9bde26a1556cd667f742bd34ec7c55e",
    "name": "media/images/утки_3t7kQVt.jpg",
    "modified": "2023-12-02T14:35:50.783Z"
  }
},
{
  "model": "easy_thumbnails.source",
  "pk": 9,
  "fields": {
    "storage_hash": "f9bde26a1556cd667f742bd34ec7c55e",
    "name": "media/images/кот_S3z18SY.jpg",
    "modified": "2023-12-02T14:35:50.805Z"
  }
},
{
  "model": "easy_thumbnails.source",
  "pk": 10,
  "fields": {
    "storage_hash": "f9bde26a1556cd667f742bd34ec7c55e",
    "name": "media/images/кот2_pBmuUH6.jpg",
    "modified": "2023-12-02T14:35:50.827Z"
  }
},
{
  "model": "easy_thumbnails.source",
  "pk": 11,
  "fields": {
    "storage_hash": "f9bde26a1556cd667f742bd34ec7c55e",
    "name": "media/images/Снимок_экрана_от_2023-10-05_21-13-45.png",
    "modified": "2023-12-03T07:55:54.243Z"
  }
},
{
  "model": "easy_thumbnails.source",
  "pk": 12,
  "fields": {
    "storage_hash": "f9bde26a1556cd667f742bd34ec7c55e",
    "name": "media/images/IMG_20231006_160446.jpg",
    "modified": "2023-12-03T07:55:54.407Z"
  }
},
{
  "model": "easy_thumbnails.source",
  "pk": 13,
  "fields": {
    "storage_hash": "f9bde26a1556cd667f742bd34ec7c55e",
    "name": "media/images/котЭ.jpg",
    "modified": "2023-12-03T08:00:38.738Z"
  }
},
{
  "model": "easy_thumbnails.source",
  "pk": 14,
  "fields": {
    "storage_hash": "f9bde26a1556cd667f742bd34ec7c55e",
    "name": "media/images/Снимок_экрана_от_2023-10-05_21-13-45_HOmT4Ky.png",
    "modified": "2023-12-03T08:11:29.959Z"
  }
},
{
  "model": "easy_thumbnails.source",
  "pk": 15,
  "fields": {
    "storage_hash": "f9bde26a1556cd667f742bd34ec7c55e",
    "name": "media/images/котЭ_cGfwkzO.jpg",
    "modified": "2023-12-03T08:11:30.027Z"
  }
},
{
  "model": "easy_thumbnails.source",
  "pk": 16,
  "fields": {
    "storage_hash": "f9bde26a1556cd667f742bd34ec7c55e",
    "name": "media/images/IMG_20231006_160446_lgh0IbT.jpg",
    "modified": "2023-12-03T08:30:04.778Z"
  }
},
{
  "model": "easy_thumbnails.source",
  "pk": 17,
  "fields": {
    "storage_hash": "f9bde26a1556cd667f742bd34ec7c55e",
    "name": "media/images/Снимок_экрана_от_2023-10-05_21-13-45_vQIVYiB.png",
    "modified": "2023-12-03T08:30:04.865Z"
  }
},
{
  "model": "easy_thumbnails.source",
  "pk": 18,
  "fields": {
    "storage_hash": "f9bde26a1556cd667f742bd34ec7c55e",
    "name": "media/images/котЭ_0nPXHPm.jpg",
    "modified": "2023-12-03T08:30:04.918Z"
  }
},
{
  "model": "easy_thumbnails.source",
  "pk": 19,
  "fields": {
    "storage_hash": "f9bde26a1556cd667f742bd34ec7c55e",
    "name": "media/images/Снимок_экрана_от_2023-10-05_21-13-45_op0izN6.png",
    "modified": "2023-12-03T12:33:15.950Z"
  }
},
{
  "model": "easy_thumbnails.source",
  "pk": 20,
  "fields": {
    "storage_hash": "f9bde26a1556cd667f742bd34ec7c55e",
    "name": "media/images/котЭ_k0E7REo.jpg",
    "modified": "2023-12-03T12:33:16.014Z"
  }
},
{
  "model": "easy_thumbnails.source",
  "pk": 21,
  "fields": {
    "storage_hash": "f9bde26a1556cd667f742bd34ec7c55e",
    "name": "media/images/IMG_20231006_160446_VzdEocc.jpg",
    "modified": "2023-12-03T15:04:31.444Z"
  }
},
{
  "model": "easy_thumbnails.source",
  "pk": 22,
  "fields": {
    "storage_hash": "f9bde26a1556cd667f742bd34ec7c55e",
    "name": "media/images/Снимок_экрана_от_2023-10-05_21-13-45_t3yG3UI.png",
    "modified": "2023-12-03T15:04:31.542Z"
  }
},
{
  "model": "easy_thumbnails.source",
  "pk": 23,
  "fields": {
    "storage_hash": "f9bde26a1556cd667f742bd34ec7c55e",
    "name": "media/images/котЭ_ijTQHpT.jpg",
    "modified": "2023-12-03T15:04:31.593Z"
  }
},
{
  "model": "easy_thumbnails.source",
  "pk": 24,
  "fields": {
    "storage_hash": "f9bde26a1556cd667f742bd34ec7c55e",
    "name": "media/images/котЭ_cE02NdU.jpg",
    "modified": "2023-12-04T10:44:31.008Z"
  }
},
{
  "model": "easy_thumbnails.source",
  "pk": 25,
  "fields": {
    "storage_hash": "f9bde26a1556cd667f742bd34ec7c55e",
    "name": "media/images/Снимок_экрана_от_2023-10-05_21-13-45_YaKg4Sg.png",
    "modified": "2023-12-05T18:08:37.098Z"
  }
},
{
  "model": "easy_thumbnails.source",
  "pk": 26,
  "fields": {
    "storage_hash": "f9bde26a1556cd667f742bd34ec7c55e",
    "name": "media/images/котЭ_Qj1mt3V.jpg",
    "modified": "2023-12-07T18:21:48.061Z"
  }
},
{
  "model": "easy_thumbnails.source",
  "pk": 27,
  "fields": {
    "storage_hash": "f9bde26a1556cd667f742bd34ec7c55e",
    "name": "media/images/котЭ_dw396FB.jpg",
    "modified": "2023-12-08T10:31:54.915Z"
  }
},
{
  "model": "easy_thumbnails.source",
  "pk": 28,
  "fields": {
    "storage_hash": "f9bde26a1556cd667f742bd34ec7c55e",
    "name": "media/images/котЭ_lOhX3bY.jpg",
    "modified": "2023-12-08T11:05:10.787Z"
  }
},
{
  "model": "easy_thumbnails.source",
  "pk": 29,
  "fields": {
    "storage_hash": "f9bde26a1556cd667f742bd34ec7c55e",
    "name": "media/images/котЭ_onSb9oy.jpg",
    "modified": "2023-12-08T11:07:24.195Z"
  }
},
{
  "model": "easy_thumbnails.source",
  "pk": 30,
  "fields": {
    "storage_hash": "f9bde26a1556cd667f742bd34ec7c55e",
    "name": "media/images/котЭ_Afpc69R.jpg",
    "modified": "2023-12-08T11:14:56.245Z"
  }
},
{
  "model": "easy_thumbnails.source",
  "pk": 31,
  "fields": {
    "storage_hash": "f9bde26a1556cd667f742bd34ec7c55e",
    "name": "media/images/котЭ_66xuBvR.jpg",
    "modified": "2023-12-08T13:28:24.657Z"
  }
},
{
  "model": "easy_thumbnails.source",
  "pk": 32,
  "fields": {
    "storage_hash": "f9bde26a1556cd667f742bd34ec7c55e",
    "name": "media/images/цветок_U83Q6eo.jpg",
    "modified": "2023-12-08T13:28:39.408Z"
  }
},
{
  "model": "easy_thumbnails.source",
  "pk": 33,
  "fields": {
    "storage_hash": "f9bde26a1556cd667f742bd34ec7c55e",
    "name": "media/images/остров_dlaSYOW.jpg",
    "modified": "2023-12-08T13:28:39.460Z"
  }
},
{
  "model": "easy_thumbnails.source",
  "pk": 34,
  "fields": {
    "storage_hash": "f9bde26a1556cd667f742bd34ec7c55e",
    "name": "media/images/утки_BYE3rAU.jpg",
    "modified": "2023-12-08T13:28:39.485Z"
  }
},
{
  "model": "easy_thumbnails.source",
  "pk": 35,
  "fields": {
    "storage_hash": "f9bde26a1556cd667f742bd34ec7c55e",
    "name": "media/images/кот_sCXKLpV.jpg",
    "modified": "2023-12-08T13:28:39.507Z"
  }
},
{
  "model": "easy_thumbnails.source",
  "pk": 36,
  "fields": {
    "storage_hash": "f9bde26a1556cd667f742bd34ec7c55e",
    "name": "media/images/кот2_VvFJcmN.jpg",
    "modified": "2023-12-08T13:28:39.529Z"
  }
},
{
  "model": "easy_thumbnails.source",
  "pk": 37,
  "fields": {
    "storage_hash": "f9bde26a1556cd667f742bd34ec7c55e",
    "name": "media/images/цветок_I5OiXmv.jpg",
    "modified": "2023-12-09T07:25:06.978Z"
  }
},
{
  "model": "easy_thumbnails.source",
  "pk": 38,
  "fields": {
    "storage_hash": "f9bde26a1556cd667f742bd34ec7c55e",
    "name": "media/images/остров_7cQAmkR.jpg",
    "modified": "2023-12-09T07:25:07.021Z"
  }
},
{
  "model": "easy_thumbnails.source",
  "pk": 39,
  "fields": {
    "storage_hash": "f9bde26a1556cd667f742bd34ec7c55e",
    "name": "media/images/утки_hE0xsD9.jpg",
    "modified": "2023-12-09T07:25:07.044Z"
  }
},
{
  "model": "easy_thumbnails.source",
  "pk": 40,
  "fields": {
    "storage_hash": "f9bde26a1556cd667f742bd34ec7c55e",
    "name": "media/images/кот_JUUBt8J.jpg",
    "modified": "2023-12-09T07:25:07.066Z"
  }
},
{
  "model": "easy_thumbnails.thumbnail",
  "pk": 1,
  "fields": {
    "storage_hash": "d26becbf46ac48eda79c7a39a13a02dd",
    "name": "media/images/цветок.jpg.220x220_q85_crop-smart.jpg",
    "modified": "2023-12-01T14:24:26.322Z",
    "source": 1
  }
},
{
  "model": "easy_thumbnails.thumbnail",
  "pk": 2,
  "fields": {
    "storage_hash": "d26becbf46ac48eda79c7a39a13a02dd",
    "name": "media/images/остров.jpg.220x220_q85_crop-smart.jpg",
    "modified": "2023-12-01T14:24:26.349Z",
    "source": 2
  }
},
{
  "model": "easy_thumbnails.thumbnail",
  "pk": 3,
  "fields": {
    "storage_hash": "d26becbf46ac48eda79c7a39a13a02dd",
    "name": "media/images/утки.jpg.220x220_q85_crop-smart.jpg",
    "modified": "2023-12-01T14:24:26.363Z",
    "source": 3
  }
},
{
  "model": "easy_thumbnails.thumbnail",
  "pk": 4,
  "fields": {
    "storage_hash": "d26becbf46ac48eda79c7a39a13a02dd",
    "name": "media/images/кот.jpg.220x220_q85_crop-smart.jpg",
    "modified": "2023-12-01T14:24:26.378Z",
    "source": 4
  }
},
{
  "model": "easy_thumbnails.thumbnail",
  "pk": 5,
  "fields": {
    "storage_hash": "d26becbf46ac48eda79c7a39a13a02dd",
    "name": "media/images/кот2.jpg.220x220_q85_crop-smart.jpg",
    "modified": "2023-12-01T14:24:26.391Z",
    "source": 5
  }
},
{
  "model": "easy_thumbnails.thumbnail",
  "pk": 6,
  "fields": {
    "storage_hash": "d26becbf46ac48eda79c7a39a13a02dd",
    "name": "media/images/цветок_cdskJXt.jpg.220x220_q85_crop-smart.jpg",
    "modified": "2023-12-02T14:35:50.722Z",
    "source": 6
  }
},
{
  "model": "easy_thumbnails.thumbnail",
  "pk": 7,
  "fields": {
    "storage_hash": "d26becbf46ac48eda79c7a39a13a02dd",
    "name": "media/images/остров_sePGmPU.jpg.220x220_q85_crop-smart.jpg",
    "modified": "2023-12-02T14:35:50.763Z",
    "source": 7
  }
},
{
  "model": "easy_thumbnails.thumbnail",
  "pk": 8,
  "fields": {
    "storage_hash": "d26becbf46ac48eda79c7a39a13a02dd",
    "name": "media/images/утки_3t7kQVt.jpg.220x220_q85_crop-smart.jpg",
    "modified": "2023-12-02T14:35:50.786Z",
    "source": 8
  }
},
{
  "model": "easy_thumbnails.thumbnail",
  "pk": 9,
  "fields": {
    "storage_hash": "d26becbf46ac48eda79c7a39a13a02dd",
    "name": "media/images/кот_S3z18SY.jpg.220x220_q85_crop-smart.jpg",
    "modified": "2023-12-02T14:35:50.809Z",
    "source": 9
  }
},
{
  "model": "easy_thumbnails.thumbnail",
  "pk": 10,
  "fields": {
    "storage_hash": "d26becbf46ac48eda79c7a39a13a02dd",
    "name": "media/images/кот2_pBmuUH6.jpg.220x220_q85_crop-smart.jpg",
    "modified": "2023-12-02T14:35:50.831Z",
    "source": 10
  }
},
{
  "model": "easy_thumbnails.thumbnail",
  "pk": 11,
  "fields": {
    "storage_hash": "d26becbf46ac48eda79c7a39a13a02dd",
    "name": "media/images/Снимок_экрана_от_2023-10-05_21-13-45.png.220x220_q85_crop-smart.png",
    "modified": "2023-12-03T07:55:54.246Z",
    "source": 11
  }
},
{
  "model": "easy_thumbnails.thumbnail",
  "pk": 12,
  "fields": {
    "storage_hash": "d26becbf46ac48eda79c7a39a13a02dd",
    "name": "media/images/IMG_20231006_160446.jpg.220x220_q85_crop-smart.jpg",
    "modified": "2023-12-03T07:55:54.409Z",
    "source": 12
  }
},
{
  "model": "easy_thumbnails.thumbnail",
  "pk": 13,
  "fields": {
    "storage_hash": "d26becbf46ac48eda79c7a39a13a02dd",
    "name": "media/images/котЭ.jpg.220x220_q85_crop-smart.jpg",
    "modified": "2023-12-03T08:00:38.751Z",
    "source": 13
  }
},
{
  "model": "easy_thumbnails.thumbnail",
  "pk": 14,
  "fields": {
    "storage_hash": "d26becbf46ac48eda79c7a39a13a02dd",
    "name": "media/images/Снимок_экрана_от_2023-10-05_21-13-45_HOmT4Ky.png.220x220_q85_crop-smart.png",
    "modified": "2023-12-03T08:11:29.972Z",
    "source": 14
  }
},
{
  "model": "easy_thumbnails.thumbnail",
  "pk": 15,
  "fields": {
    "storage_hash": "d26becbf46ac48eda79c7a39a13a02dd",
    "name": "media/images/котЭ_cGfwkzO.jpg.220x220_q85_crop-smart.jpg",
    "modified": "2023-12-03T08:11:30.029Z",
    "source": 15
  }
},
{
  "model": "easy_thumbnails.thumbnail",
  "pk": 16,
  "fields": {
    "storage_hash": "d26becbf46ac48eda79c7a39a13a02dd",
    "name": "media/images/IMG_20231006_160446_lgh0IbT.jpg.220x220_q85_crop-smart.jpg",
    "modified": "2023-12-03T08:30:04.781Z",
    "source": 16
  }
},
{
  "model": "easy_thumbnails.thumbnail",
  "pk": 17,
  "fields": {
    "storage_hash": "d26becbf46ac48eda79c7a39a13a02dd",
    "name": "media/images/Снимок_экрана_от_2023-10-05_21-13-45_vQIVYiB.png.220x220_q85_crop-smart.png",
    "modified": "2023-12-03T08:30:04.868Z",
    "source": 17
  }
},
{
  "model": "easy_thumbnails.thumbnail",
  "pk": 18,
  "fields": {
    "storage_hash": "d26becbf46ac48eda79c7a39a13a02dd",
    "name": "media/images/котЭ_0nPXHPm.jpg.220x220_q85_crop-smart.jpg",
    "modified": "2023-12-03T08:30:04.920Z",
    "source": 18
  }
},
{
  "model": "easy_thumbnails.thumbnail",
  "pk": 19,
  "fields": {
    "storage_hash": "d26becbf46ac48eda79c7a39a13a02dd",
    "name": "media/images/Снимок_экрана_от_2023-10-05_21-13-45_op0izN6.png.220x220_q85_crop-smart.png",
    "modified": "2023-12-03T12:33:15.963Z",
    "source": 19
  }
},
{
  "model": "easy_thumbnails.thumbnail",
  "pk": 20,
  "fields": {
    "storage_hash": "d26becbf46ac48eda79c7a39a13a02dd",
    "name": "media/images/котЭ_k0E7REo.jpg.220x220_q85_crop-smart.jpg",
    "modified": "2023-12-03T12:33:16.016Z",
    "source": 20
  }
},
{
  "model": "easy_thumbnails.thumbnail",
  "pk": 21,
  "fields": {
    "storage_hash": "d26becbf46ac48eda79c7a39a13a02dd",
    "name": "media/images/IMG_20231006_160446_VzdEocc.jpg.220x220_q85_crop-smart.jpg",
    "modified": "2023-12-03T15:04:31.457Z",
    "source": 21
  }
},
{
  "model": "easy_thumbnails.thumbnail",
  "pk": 22,
  "fields": {
    "storage_hash": "d26becbf46ac48eda79c7a39a13a02dd",
    "name": "media/images/Снимок_экрана_от_2023-10-05_21-13-45_t3yG3UI.png.220x220_q85_crop-smart.png",
    "modified": "2023-12-03T15:04:31.544Z",
    "source": 22
  }
},
{
  "model": "easy_thumbnails.thumbnail",
  "pk": 23,
  "fields": {
    "storage_hash": "d26becbf46ac48eda79c7a39a13a02dd",
    "name": "media/images/котЭ_ijTQHpT.jpg.220x220_q85_crop-smart.jpg",
    "modified": "2023-12-03T15:04:31.596Z",
    "source": 23
  }
},
{
  "model": "easy_thumbnails.thumbnail",
  "pk": 24,
  "fields": {
    "storage_hash": "d26becbf46ac48eda79c7a39a13a02dd",
    "name": "media/images/котЭ_cE02NdU.jpg.220x220_q85_crop-smart.jpg",
    "modified": "2023-12-04T10:44:31.012Z",
    "source": 24
  }
},
{
  "model": "easy_thumbnails.thumbnail",
  "pk": 25,
  "fields": {
    "storage_hash": "d26becbf46ac48eda79c7a39a13a02dd",
    "name": "media/images/Снимок_экрана_от_2023-10-05_21-13-45_YaKg4Sg.png.220x220_q85_crop-smart.png",
    "modified": "2023-12-05T18:08:37.102Z",
    "source": 25
  }
},
{
  "model": "easy_thumbnails.thumbnail",
  "pk": 26,
  "fields": {
    "storage_hash": "d26becbf46ac48eda79c7a39a13a02dd",
    "name": "media/images/котЭ_Qj1mt3V.jpg.220x220_q85_crop-smart.jpg",
    "modified": "2023-12-07T18:21:48.065Z",
    "source": 26
  }
},
{
  "model": "easy_thumbnails.thumbnail",
  "pk": 27,
  "fields": {
    "storage_hash": "d26becbf46ac48eda79c7a39a13a02dd",
    "name": "media/images/котЭ_dw396FB.jpg.220x220_q85_crop-smart.jpg",
    "modified": "2023-12-08T10:31:54.920Z",
    "source": 27
  }
},
{
  "model": "easy_thumbnails.thumbnail",
  "pk": 28,
  "fields": {
    "storage_hash": "d26becbf46ac48eda79c7a39a13a02dd",
    "name": "media/images/котЭ_lOhX3bY.jpg.220x220_q85_crop-smart.jpg",
    "modified": "2023-12-08T11:05:10.802Z",
    "source": 28
  }
},
{
  "model": "easy_thumbnails.thumbnail",
  "pk": 29,
  "fields": {
    "storage_hash": "d26becbf46ac48eda79c7a39a13a02dd",
    "name": "media/images/котЭ_onSb9oy.jpg.220x220_q85_crop-smart.jpg",
    "modified": "2023-12-08T11:07:24.209Z",
    "source": 29
  }
},
{
  "model": "easy_thumbnails.thumbnail",
  "pk": 30,
  "fields": {
    "storage_hash": "d26becbf46ac48eda79c7a39a13a02dd",
    "name": "media/images/котЭ_Afpc69R.jpg.220x220_q85_crop-smart.jpg",
    "modified": "2023-12-08T11:14:56.249Z",
    "source": 30
  }
},
{
  "model": "easy_thumbnails.thumbnail",
  "pk": 31,
  "fields": {
    "storage_hash": "d26becbf46ac48eda79c7a39a13a02dd",
    "name": "media/images/котЭ_66xuBvR.jpg.220x220_q85_crop-smart.jpg",
    "modified": "2023-12-08T13:28:24.671Z",
    "source": 31
  }
},
{
  "model": "easy_thumbnails.thumbnail",
  "pk": 32,
  "fields": {
    "storage_hash": "d26becbf46ac48eda79c7a39a13a02dd",
    "name": "media/images/цветок_U83Q6eo.jpg.220x220_q85_crop-smart.jpg",
    "modified": "2023-12-08T13:28:39.423Z",
    "source": 32
  }
},
{
  "model": "easy_thumbnails.thumbnail",
  "pk": 33,
  "fields": {
    "storage_hash": "d26becbf46ac48eda79c7a39a13a02dd",
    "name": "media/images/остров_dlaSYOW.jpg.220x220_q85_crop-smart.jpg",
    "modified": "2023-12-08T13:28:39.464Z",
    "source": 33
  }
},
{
  "model": "easy_thumbnails.thumbnail",
  "pk": 34,
  "fields": {
    "storage_hash": "d26becbf46ac48eda79c7a39a13a02dd",
    "name": "media/images/утки_BYE3rAU.jpg.220x220_q85_crop-smart.jpg",
    "modified": "2023-12-08T13:28:39.488Z",
    "source": 34
  }
},
{
  "model": "easy_thumbnails.thumbnail",
  "pk": 35,
  "fields": {
    "storage_hash": "d26becbf46ac48eda79c7a39a13a02dd",
    "name": "media/images/кот_sCXKLpV.jpg.220x220_q85_crop-smart.jpg",
    "modified": "2023-12-08T13:28:39.510Z",
    "source": 35
  }
},
{
  "model": "easy_thumbnails.thumbnail",
  "pk": 36,
  "fields": {
    "storage_hash": "d26becbf46ac48eda79c7a39a13a02dd",
    "name": "media/images/кот2_VvFJcmN.jpg.220x220_q85_crop-smart.jpg",
    "modified": "2023-12-08T13:28:39.532Z",
    "source": 36
  }
},
{
  "model": "easy_thumbnails.thumbnail",
  "pk": 37,
  "fields": {
    "storage_hash": "d26becbf46ac48eda79c7a39a13a02dd",
    "name": "media/images/цветок_I5OiXmv.jpg.220x220_q85_crop-smart.jpg",
    "modified": "2023-12-09T07:25:06.983Z",
    "source": 37
  }
},
{
  "model": "easy_thumbnails.thumbnail",
  "pk": 38,
  "fields": {
    "storage_hash": "d26becbf46ac48eda79c7a39a13a02dd",
    "name": "media/images/остров_7cQAmkR.jpg.220x220_q85_crop-smart.jpg",
    "modified": "2023-12-09T07:25:07.024Z",
    "source": 38
  }
},
{
  "model": "easy_thumbnails.thumbnail",
  "pk": 39,
  "fields": {
    "storage_hash": "d26becbf46ac48eda79c7a39a13a02dd",
    "name": "media/images/утки_hE0xsD9.jpg.220x220_q85_crop-smart.jpg",
    "modified": "2023-12-09T07:25:07.047Z",
    "source": 39
  }
},
{
  "model": "easy_thumbnails.thumbnail",
  "pk": 40,
  "fields": {
    "storage_hash": "d26becbf46ac48eda79c7a39a13a02dd",
    "name": "media/images/кот_JUUBt8J.jpg.220x220_q85_crop-smart.jpg",
    "modified": "2023-12-09T07:25:07.069Z",
    "source": 40
  }
},
{
  "model": "redisboard.redisserver",
  "pk": 1,
  "fields": {
    "label": "redis",
    "url": "redis://localhost:6379/0",
    "password": null
  }
}
]
